<?xml version = '1.0' encoding = 'UTF-8'?>
<FKIndexAssociation class="oracle.dbtools.crest.model.design.relational.FKIndexAssociation" directorySegmentName="seg_0" id="4E31AA3D-1176-B885-1FDF-93537D6A7187" containerWithKeyObject="311CD0ED-9674-D959-00E0-C21D1ADBDFDA" localFKIndex="D7E2D87E-3237-824B-02B3-DDEF8EB10391" name="dim_tipo_pista_FK">
<createdBy>peixe</createdBy>
<createdTime>2023-09-30 14:17:33 UTC</createdTime>
<ownerDesignName>modelagem_datatran</ownerDesignName>
<referredTableLongName>dim_tipo_pista</referredTableLongName>
<deleteRule>NO ACTION</deleteRule>
<referredTableID>2974DC5D-98DF-ADF6-1CFC-4E04C7DC1F82</referredTableID>
<keyObject>A040EC05-F663-A0BF-69F8-D4B416B9E500</keyObject>
<referredKeyID>A040EC05-F663-A0BF-69F8-D4B416B9E500</referredKeyID>
<mandatory>true</mandatory>
<refColNames>ID_tipo_pista</refColNames>
<transferable>true</transferable>
<rely>false</rely>
<columnDependencyConstraintGenerateInDDL>true</columnDependencyConstraintGenerateInDDL>
</FKIndexAssociation>