<?xml version = '1.0' encoding = 'UTF-8'?>
<FKIndexAssociation class="oracle.dbtools.crest.model.design.relational.FKIndexAssociation" directorySegmentName="seg_0" id="85B452CA-F2C2-2013-05A7-121AB3B4E10C" containerWithKeyObject="311CD0ED-9674-D959-00E0-C21D1ADBDFDA" localFKIndex="AA410090-1EC8-A0E1-454C-ECDD0A1B3C3D" name="dim_causa_acidente_FK">
<createdBy>peixe</createdBy>
<createdTime>2023-09-30 14:15:40 UTC</createdTime>
<ownerDesignName>modelagem_datatran</ownerDesignName>
<referredTableLongName>dim_causa_acidente</referredTableLongName>
<deleteRule>NO ACTION</deleteRule>
<referredTableID>CC39247C-912E-3CF2-30D3-5495998E17B5</referredTableID>
<keyObject>7C00E728-8C29-19AB-72CB-31F5EC43DB8C</keyObject>
<referredKeyID>7C00E728-8C29-19AB-72CB-31F5EC43DB8C</referredKeyID>
<mandatory>true</mandatory>
<refColNames>ID_dsc_acidente</refColNames>
<transferable>true</transferable>
<rely>false</rely>
<columnDependencyConstraintGenerateInDDL>true</columnDependencyConstraintGenerateInDDL>
</FKIndexAssociation>