<?xml version = '1.0' encoding = 'UTF-8'?>
<FKIndexAssociation class="oracle.dbtools.crest.model.design.relational.FKIndexAssociation" directorySegmentName="seg_0" id="955497D0-8C06-B93E-C7A4-DDF1C5F4AA4D" containerWithKeyObject="311CD0ED-9674-D959-00E0-C21D1ADBDFDA" localFKIndex="A51F9ADF-0373-332C-041D-AF4A522367EB" name="dim_condicao_meteorologica_FK">
<createdBy>peixe</createdBy>
<createdTime>2023-09-30 14:17:28 UTC</createdTime>
<ownerDesignName>modelagem_datatran</ownerDesignName>
<referredTableLongName>dim_condicao_meteorologica</referredTableLongName>
<deleteRule>NO ACTION</deleteRule>
<referredTableID>859BE6F6-909E-4647-5122-9BEB7272F538</referredTableID>
<keyObject>CBD4E86A-F241-3B56-2093-E491AF6FCB3B</keyObject>
<referredKeyID>CBD4E86A-F241-3B56-2093-E491AF6FCB3B</referredKeyID>
<mandatory>true</mandatory>
<refColNames>ID_condicao_meteorologica</refColNames>
<transferable>true</transferable>
<rely>false</rely>
<columnDependencyConstraintGenerateInDDL>true</columnDependencyConstraintGenerateInDDL>
</FKIndexAssociation>