<?xml version = '1.0' encoding = 'UTF-8'?>
<relationalModel class="oracle.dbtools.crest.model.design.relational.RelationalDesign" name="Relational_1" id="633A2088-8B58-7D93-865A-53FD4F98E637" mainViewID="334398E5-8CDB-D0B2-A9B5-8B400F3A8F27">
<createdBy>peixe</createdBy>
<createdTime>2023-09-30 13:46:05 UTC</createdTime>
<ownerDesignName>modelagem_datatran</ownerDesignName>
<shouldBeOpen>false</shouldBeOpen>
<selectedRDBMSSite>32076570-2523-435C-2E92-BF29817DFF70</selectedRDBMSSite>
</relationalModel>