<?xml version = '1.0' encoding = 'UTF-8'?>
<Table class="oracle.dbtools.crest.model.design.relational.Table" directorySegmentName="seg_0" id="648F3B57-CDFE-538D-B4CB-639CE6C727DC" name="dim_hora">
<createdBy>peixe</createdBy>
<createdTime>2023-09-30 14:05:09 UTC</createdTime>
<ownerDesignName>modelagem_datatran</ownerDesignName>
<ordsAlias>table_7</ordsAlias>
<allowColumnReorder>false</allowColumnReorder>
<existDependencyGenerateInDDl>true</existDependencyGenerateInDDl>
<parsed>true</parsed>
<columns itemClass="oracle.dbtools.crest.model.design.relational.Column">
<Column name="ID_hora" id="4E13664A-4F28-ED1C-47A1-530263CA41A9">
<createdBy>peixe</createdBy>
<createdTime>2023-09-30 14:07:13 UTC</createdTime>
<ownerDesignName>modelagem_datatran</ownerDesignName>
<useDomainConstraints>false</useDomainConstraints>
<use>1</use>
<logicalDatatype>LOGDT019</logicalDatatype>
<dataTypePrecision>10</dataTypePrecision>
<ownDataTypeParameters>,10,</ownDataTypeParameters>
<autoIncrementCycle>false</autoIncrementCycle>
</Column>
<Column name="hora" id="C9A52A1A-0065-E806-015D-4B6CAD174198">
<createdBy>peixe</createdBy>
<createdTime>2023-09-30 14:07:13 UTC</createdTime>
<ownerDesignName>modelagem_datatran</ownerDesignName>
<useDomainConstraints>false</useDomainConstraints>
<use>1</use>
<logicalDatatype>LOGDT019</logicalDatatype>
<dataTypePrecision>10</dataTypePrecision>
<ownDataTypeParameters>,10,</ownDataTypeParameters>
<autoIncrementCycle>false</autoIncrementCycle>
</Column>
<Column name="minuto" id="50D7AFCD-C9B0-7339-7DBE-3E71554DC533">
<createdBy>peixe</createdBy>
<createdTime>2023-09-30 14:07:13 UTC</createdTime>
<ownerDesignName>modelagem_datatran</ownerDesignName>
<useDomainConstraints>false</useDomainConstraints>
<use>1</use>
<logicalDatatype>LOGDT019</logicalDatatype>
<dataTypePrecision>10</dataTypePrecision>
<ownDataTypeParameters>,10,</ownDataTypeParameters>
<autoIncrementCycle>false</autoIncrementCycle>
</Column>
<Column name="fs_dia" id="97E2854D-EEB1-1092-835B-7B15064F091B">
<createdBy>peixe</createdBy>
<createdTime>2023-09-30 14:07:13 UTC</createdTime>
<ownerDesignName>modelagem_datatran</ownerDesignName>
<useDomainConstraints>false</useDomainConstraints>
<use>1</use>
<logicalDatatype>LOGDT024</logicalDatatype>
<dataTypeSize>50</dataTypeSize>
<ownDataTypeParameters>50,,</ownDataTypeParameters>
<autoIncrementCycle>false</autoIncrementCycle>
</Column>
</columns>
<indexes itemClass="oracle.dbtools.crest.model.design.relational.Index">
<ind_PK_UK id="5654F873-35FF-3557-BA85-6C9F1CB5BEF9" name="dim_hora_PK">
<createdBy>peixe</createdBy>
<createdTime>2023-09-30 14:07:13 UTC</createdTime>
<ownerDesignName>modelagem_datatran</ownerDesignName>
<pk>true</pk>
<indexState>Primary Constraint</indexState>
<isSurrogateKey>false</isSurrogateKey>
<indexColumnUsage>
<colUsage columnID="4E13664A-4F28-ED1C-47A1-530263CA41A9"/>
</indexColumnUsage>
</ind_PK_UK>
</indexes>
</Table>