<?xml version = '1.0' encoding = 'UTF-8'?>
<Table class="oracle.dbtools.crest.model.design.relational.Table" directorySegmentName="seg_0" id="7512D11A-BCB9-C0D2-89BE-7A8FCA66EF51" name="dim_tipo_acidente">
<createdBy>peixe</createdBy>
<createdTime>2023-09-30 14:00:55 UTC</createdTime>
<ownerDesignName>modelagem_datatran</ownerDesignName>
<ordsAlias>table_5</ordsAlias>
<allowColumnReorder>false</allowColumnReorder>
<existDependencyGenerateInDDl>true</existDependencyGenerateInDDl>
<parsed>true</parsed>
<columns itemClass="oracle.dbtools.crest.model.design.relational.Column">
<Column name="ID_tipo_acidente" id="0CBF4DEA-C559-43DB-85A0-9F341329182C">
<createdBy>peixe</createdBy>
<createdTime>2023-09-30 14:02:27 UTC</createdTime>
<ownerDesignName>modelagem_datatran</ownerDesignName>
<useDomainConstraints>false</useDomainConstraints>
<use>1</use>
<logicalDatatype>LOGDT019</logicalDatatype>
<dataTypePrecision>10</dataTypePrecision>
<ownDataTypeParameters>,10,</ownDataTypeParameters>
<autoIncrementCycle>false</autoIncrementCycle>
</Column>
<Column name="tp_acidente" id="C66BE895-4D35-C90C-4E71-618EADBA501C">
<createdBy>peixe</createdBy>
<createdTime>2023-09-30 14:02:27 UTC</createdTime>
<ownerDesignName>modelagem_datatran</ownerDesignName>
<useDomainConstraints>false</useDomainConstraints>
<use>1</use>
<logicalDatatype>LOGDT024</logicalDatatype>
<dataTypeSize>50</dataTypeSize>
<ownDataTypeParameters>50,,</ownDataTypeParameters>
<autoIncrementCycle>false</autoIncrementCycle>
</Column>
</columns>
<indexes itemClass="oracle.dbtools.crest.model.design.relational.Index">
<ind_PK_UK id="636905C3-33D6-00B9-F777-5CCDCBD0E018" name="dim_tipo_acidente_PK">
<createdBy>peixe</createdBy>
<createdTime>2023-09-30 14:02:27 UTC</createdTime>
<ownerDesignName>modelagem_datatran</ownerDesignName>
<pk>true</pk>
<indexState>Primary Constraint</indexState>
<isSurrogateKey>false</isSurrogateKey>
<indexColumnUsage>
<colUsage columnID="0CBF4DEA-C559-43DB-85A0-9F341329182C"/>
</indexColumnUsage>
</ind_PK_UK>
</indexes>
</Table>