<?xml version = '1.0' encoding = 'UTF-8'?>
<Table class="oracle.dbtools.crest.model.design.relational.Table" directorySegmentName="seg_0" id="859BE6F6-909E-4647-5122-9BEB7272F538" name="dim_condicao_meteorologica">
<createdBy>peixe</createdBy>
<createdTime>2023-09-30 13:52:33 UTC</createdTime>
<ownerDesignName>modelagem_datatran</ownerDesignName>
<ordsAlias>table_2</ordsAlias>
<allowColumnReorder>false</allowColumnReorder>
<existDependencyGenerateInDDl>true</existDependencyGenerateInDDl>
<parsed>true</parsed>
<columns itemClass="oracle.dbtools.crest.model.design.relational.Column">
<Column name="ID_condicao_meteorologica" id="A023096B-6FDD-8326-CF98-0D46558EDBB8">
<createdBy>peixe</createdBy>
<createdTime>2023-09-30 13:53:49 UTC</createdTime>
<ownerDesignName>modelagem_datatran</ownerDesignName>
<useDomainConstraints>false</useDomainConstraints>
<use>1</use>
<logicalDatatype>LOGDT019</logicalDatatype>
<dataTypePrecision>10</dataTypePrecision>
<ownDataTypeParameters>,10,</ownDataTypeParameters>
<autoIncrementCycle>false</autoIncrementCycle>
</Column>
<Column name="cnd_meteorologica" id="D212ECD1-6A97-6A1B-DDFA-679E94CF9CD1">
<createdBy>peixe</createdBy>
<createdTime>2023-09-30 13:53:49 UTC</createdTime>
<ownerDesignName>modelagem_datatran</ownerDesignName>
<useDomainConstraints>false</useDomainConstraints>
<use>1</use>
<logicalDatatype>LOGDT024</logicalDatatype>
<dataTypeSize>50</dataTypeSize>
<ownDataTypeParameters>50,,</ownDataTypeParameters>
<autoIncrementCycle>false</autoIncrementCycle>
</Column>
</columns>
<indexes itemClass="oracle.dbtools.crest.model.design.relational.Index">
<ind_PK_UK id="CBD4E86A-F241-3B56-2093-E491AF6FCB3B" name="dim_condicao_meteorologica_PK">
<createdBy>peixe</createdBy>
<createdTime>2023-09-30 13:53:49 UTC</createdTime>
<ownerDesignName>modelagem_datatran</ownerDesignName>
<pk>true</pk>
<indexState>Primary Constraint</indexState>
<isSurrogateKey>false</isSurrogateKey>
<indexColumnUsage>
<colUsage columnID="A023096B-6FDD-8326-CF98-0D46558EDBB8"/>
</indexColumnUsage>
</ind_PK_UK>
</indexes>
</Table>