<?xml version = '1.0' encoding = 'UTF-8'?>
<Table class="oracle.dbtools.crest.model.design.relational.Table" directorySegmentName="seg_0" id="DCDCCCF1-0ED3-3BAC-E3B3-A4CED16B8636" name="dim_data">
<createdBy>peixe</createdBy>
<createdTime>2023-09-30 13:54:03 UTC</createdTime>
<ownerDesignName>modelagem_datatran</ownerDesignName>
<ordsAlias>table_3</ordsAlias>
<allowColumnReorder>false</allowColumnReorder>
<existDependencyGenerateInDDl>true</existDependencyGenerateInDDl>
<parsed>true</parsed>
<columns itemClass="oracle.dbtools.crest.model.design.relational.Column">
<Column name="ID_data" id="5E1452A3-4489-BF13-006A-EFA88C57ADBC">
<createdBy>peixe</createdBy>
<createdTime>2023-09-30 13:56:16 UTC</createdTime>
<ownerDesignName>modelagem_datatran</ownerDesignName>
<useDomainConstraints>false</useDomainConstraints>
<use>1</use>
<logicalDatatype>LOGDT019</logicalDatatype>
<dataTypePrecision>10</dataTypePrecision>
<ownDataTypeParameters>,10,</ownDataTypeParameters>
<autoIncrementCycle>false</autoIncrementCycle>
</Column>
<Column name="data" id="4F943998-8E7C-8062-D445-D5BD83E63B19">
<createdBy>peixe</createdBy>
<createdTime>2023-09-30 13:56:16 UTC</createdTime>
<ownerDesignName>modelagem_datatran</ownerDesignName>
<useDomainConstraints>false</useDomainConstraints>
<use>1</use>
<logicalDatatype>LOGDT007</logicalDatatype>
<ownDataTypeParameters>,,</ownDataTypeParameters>
<autoIncrementCycle>false</autoIncrementCycle>
</Column>
<Column name="dia_semana" id="EECEC8FE-FC52-AEC4-1875-425380E039BE">
<createdBy>peixe</createdBy>
<createdTime>2023-09-30 13:56:16 UTC</createdTime>
<ownerDesignName>modelagem_datatran</ownerDesignName>
<useDomainConstraints>false</useDomainConstraints>
<use>1</use>
<logicalDatatype>LOGDT024</logicalDatatype>
<dataTypeSize>50</dataTypeSize>
<ownDataTypeParameters>50,,</ownDataTypeParameters>
<autoIncrementCycle>false</autoIncrementCycle>
</Column>
</columns>
<indexes itemClass="oracle.dbtools.crest.model.design.relational.Index">
<ind_PK_UK id="B7C6248F-9F01-342A-9FA0-C5140411B17A" name="dim_data_PK">
<createdBy>peixe</createdBy>
<createdTime>2023-09-30 13:56:16 UTC</createdTime>
<ownerDesignName>modelagem_datatran</ownerDesignName>
<pk>true</pk>
<indexState>Primary Constraint</indexState>
<isSurrogateKey>false</isSurrogateKey>
<indexColumnUsage>
<colUsage columnID="5E1452A3-4489-BF13-006A-EFA88C57ADBC"/>
</indexColumnUsage>
</ind_PK_UK>
</indexes>
</Table>